cheb_K,hidden,nblocks,dropout,lr,weight_decay,H_in,H_out,key,val_MAE,test_MAE
2,32,2,0.1,0.001,0.0,12,12,"{""H_in"": 12, ""H_out"": 12, ""cheb_K"": 2, ""dropout"": 0.1, ""hidden"": 32, ""lr"": 0.001, ""nblocks"": 2, ""weight_decay"": 0.0}",0.8748981895849329,0.8689254246584903
2,32,2,0.1,0.001,0.0,12,24,"{""H_in"": 12, ""H_out"": 24, ""cheb_K"": 2, ""dropout"": 0.1, ""hidden"": 32, ""lr"": 0.001, ""nblocks"": 2, ""weight_decay"": 0.0}",1.057987217154453,1.0547569776138583
2,32,2,0.1,0.001,0.0,24,12,"{""H_in"": 24, ""H_out"": 12, ""cheb_K"": 2, ""dropout"": 0.1, ""hidden"": 32, ""lr"": 0.001, ""nblocks"": 2, ""weight_decay"": 0.0}",0.9861120472550331,0.9867697765895587
2,32,2,0.1,0.001,0.0,24,24,"{""H_in"": 24, ""H_out"": 24, ""cheb_K"": 2, ""dropout"": 0.1, ""hidden"": 32, ""lr"": 0.001, ""nblocks"": 2, ""weight_decay"": 0.0}",1.164113652861465,1.1696409374077978
2,32,2,0.1,0.001,0.0001,12,12,"{""H_in"": 12, ""H_out"": 12, ""cheb_K"": 2, ""dropout"": 0.1, ""hidden"": 32, ""lr"": 0.001, ""nblocks"": 2, ""weight_decay"": 0.0001}",0.8905006880493874,0.8828603654777875
2,32,2,0.1,0.001,0.0001,12,24,"{""H_in"": 12, ""H_out"": 24, ""cheb_K"": 2, ""dropout"": 0.1, ""hidden"": 32, ""lr"": 0.001, ""nblocks"": 2, ""weight_decay"": 0.0001}",1.0851176563044387,1.0810238819224463
2,32,2,0.1,0.001,0.0001,24,12,"{""H_in"": 24, ""H_out"": 12, ""cheb_K"": 2, ""dropout"": 0.1, ""hidden"": 32, ""lr"": 0.001, ""nblocks"": 2, ""weight_decay"": 0.0001}",0.9930612137328272,0.9986840236301896
2,32,2,0.1,0.001,0.0001,24,24,"{""H_in"": 24, ""H_out"": 24, ""cheb_K"": 2, ""dropout"": 0.1, ""hidden"": 32, ""lr"": 0.001, ""nblocks"": 2, ""weight_decay"": 0.0001}",1.1258127854721058,1.1357071947516262
2,32,2,0.1,0.0001,0.0,12,12,"{""H_in"": 12, ""H_out"": 12, ""cheb_K"": 2, ""dropout"": 0.1, ""hidden"": 32, ""lr"": 0.0001, ""nblocks"": 2, ""weight_decay"": 0.0}",0.9648737060178411,0.9627964180796748
2,32,2,0.1,0.0001,0.0,12,24,"{""H_in"": 12, ""H_out"": 24, ""cheb_K"": 2, ""dropout"": 0.1, ""hidden"": 32, ""lr"": 0.0001, ""nblocks"": 2, ""weight_decay"": 0.0}",1.184325923993356,1.1790379169778276
2,32,2,0.1,0.0001,0.0,24,12,"{""H_in"": 24, ""H_out"": 12, ""cheb_K"": 2, ""dropout"": 0.1, ""hidden"": 32, ""lr"": 0.0001, ""nblocks"": 2, ""weight_decay"": 0.0}",1.108177409491929,1.1158045033350485
2,32,2,0.1,0.0001,0.0,24,24,"{""H_in"": 24, ""H_out"": 24, ""cheb_K"": 2, ""dropout"": 0.1, ""hidden"": 32, ""lr"": 0.0001, ""nblocks"": 2, ""weight_decay"": 0.0}",1.2921142032938966,1.300902582452677
2,32,2,0.1,0.0001,0.0001,12,12,"{""H_in"": 12, ""H_out"": 12, ""cheb_K"": 2, ""dropout"": 0.1, ""hidden"": 32, ""lr"": 0.0001, ""nblocks"": 2, ""weight_decay"": 0.0001}",0.9569358140994115,0.9574042441822168
2,32,2,0.1,0.0001,0.0001,12,24,"{""H_in"": 12, ""H_out"": 24, ""cheb_K"": 2, ""dropout"": 0.1, ""hidden"": 32, ""lr"": 0.0001, ""nblocks"": 2, ""weight_decay"": 0.0001}",1.1936725017519305,1.1931121513309033
2,32,2,0.1,0.0001,0.0001,24,12,"{""H_in"": 24, ""H_out"": 12, ""cheb_K"": 2, ""dropout"": 0.1, ""hidden"": 32, ""lr"": 0.0001, ""nblocks"": 2, ""weight_decay"": 0.0001}",1.086460843771237,1.088358985254576
2,32,2,0.1,0.0001,0.0001,24,24,"{""H_in"": 24, ""H_out"": 24, ""cheb_K"": 2, ""dropout"": 0.1, ""hidden"": 32, ""lr"": 0.0001, ""nblocks"": 2, ""weight_decay"": 0.0001}",1.2433425018194892,1.244525311070889
2,32,2,0.1,1e-05,0.0,12,12,"{""H_in"": 12, ""H_out"": 12, ""cheb_K"": 2, ""dropout"": 0.1, ""hidden"": 32, ""lr"": 1e-05, ""nblocks"": 2, ""weight_decay"": 0.0}",1.3300112440934593,1.3195292863120691
2,32,2,0.1,1e-05,0.0,12,24,"{""H_in"": 12, ""H_out"": 24, ""cheb_K"": 2, ""dropout"": 0.1, ""hidden"": 32, ""lr"": 1e-05, ""nblocks"": 2, ""weight_decay"": 0.0}",1.472474840845504,1.454036931840262
2,32,2,0.1,1e-05,0.0,24,12,"{""H_in"": 24, ""H_out"": 12, ""cheb_K"": 2, ""dropout"": 0.1, ""hidden"": 32, ""lr"": 1e-05, ""nblocks"": 2, ""weight_decay"": 0.0}",1.391159006700923,1.3878622471815059
2,32,2,0.1,1e-05,0.0,24,24,"{""H_in"": 24, ""H_out"": 24, ""cheb_K"": 2, ""dropout"": 0.1, ""hidden"": 32, ""lr"": 1e-05, ""nblocks"": 2, ""weight_decay"": 0.0}",1.5199164750947578,1.5094732573193275
2,32,2,0.1,1e-05,0.0001,12,12,"{""H_in"": 12, ""H_out"": 12, ""cheb_K"": 2, ""dropout"": 0.1, ""hidden"": 32, ""lr"": 1e-05, ""nblocks"": 2, ""weight_decay"": 0.0001}",1.2896692601084225,1.2859607674073272
2,32,2,0.1,1e-05,0.0001,12,24,"{""H_in"": 12, ""H_out"": 24, ""cheb_K"": 2, ""dropout"": 0.1, ""hidden"": 32, ""lr"": 1e-05, ""nblocks"": 2, ""weight_decay"": 0.0001}",1.449097376435839,1.431719938795256
2,32,2,0.1,1e-05,0.0001,24,12,"{""H_in"": 24, ""H_out"": 12, ""cheb_K"": 2, ""dropout"": 0.1, ""hidden"": 32, ""lr"": 1e-05, ""nblocks"": 2, ""weight_decay"": 0.0001}",1.5014320510204615,1.5033356382126246
2,32,2,0.1,1e-05,0.0001,24,24,"{""H_in"": 24, ""H_out"": 24, ""cheb_K"": 2, ""dropout"": 0.1, ""hidden"": 32, ""lr"": 1e-05, ""nblocks"": 2, ""weight_decay"": 0.0001}",1.5311089123232167,1.5173082805739728
2,32,2,0.2,0.001,0.0,12,12,"{""H_in"": 12, ""H_out"": 12, ""cheb_K"": 2, ""dropout"": 0.2, ""hidden"": 32, ""lr"": 0.001, ""nblocks"": 2, ""weight_decay"": 0.0}",0.8676466388040514,0.867612220081279
2,32,2,0.2,0.001,0.0,12,24,"{""H_in"": 12, ""H_out"": 24, ""cheb_K"": 2, ""dropout"": 0.2, ""hidden"": 32, ""lr"": 0.001, ""nblocks"": 2, ""weight_decay"": 0.0}",1.1305338555065518,1.1330139338342777
2,32,2,0.2,0.001,0.0,24,12,"{""H_in"": 24, ""H_out"": 12, ""cheb_K"": 2, ""dropout"": 0.2, ""hidden"": 32, ""lr"": 0.001, ""nblocks"": 2, ""weight_decay"": 0.0}",1.0200250878181352,1.030728971075669
2,32,2,0.2,0.001,0.0,24,24,"{""H_in"": 24, ""H_out"": 24, ""cheb_K"": 2, ""dropout"": 0.2, ""hidden"": 32, ""lr"": 0.001, ""nblocks"": 2, ""weight_decay"": 0.0}",1.169685352545098,1.1806497331952666
2,32,2,0.2,0.001,0.0001,12,12,"{""H_in"": 12, ""H_out"": 12, ""cheb_K"": 2, ""dropout"": 0.2, ""hidden"": 32, ""lr"": 0.001, ""nblocks"": 2, ""weight_decay"": 0.0001}",0.9205951086536035,0.9085395259471781
2,32,2,0.2,0.001,0.0001,12,24,"{""H_in"": 12, ""H_out"": 24, ""cheb_K"": 2, ""dropout"": 0.2, ""hidden"": 32, ""lr"": 0.001, ""nblocks"": 2, ""weight_decay"": 0.0001}",1.1019942669186644,1.1087847876770371
2,32,2,0.2,0.001,0.0001,24,12,"{""H_in"": 24, ""H_out"": 12, ""cheb_K"": 2, ""dropout"": 0.2, ""hidden"": 32, ""lr"": 0.001, ""nblocks"": 2, ""weight_decay"": 0.0001}",1.044070192584219,1.0537953012993484
